City_ID,City,Country,Lat,Lng,Max Temp,Humidity,Cloudiness,Wind Speed,Current Description
0,Busselton,AU,-33.65,115.3333,57.51,68,100,17.43,overcast clouds
1,South Venice,US,27.0531,-82.4243,95.07,56,40,12.66,scattered clouds
2,Saskylakh,RU,71.9167,114.0833,46.49,73,94,4.99,overcast clouds
3,Bluff,NZ,-46.6,168.3333,34.81,68,45,16.87,scattered clouds
4,Hobart,AU,-42.8794,147.3294,38.05,94,5,3.44,clear sky
5,Punta Arenas,CL,-53.15,-70.9167,37.51,81,20,13.8,few clouds
6,Kodiak,US,57.79,-152.4072,60.31,55,20,4.61,few clouds
7,Albany,US,42.6001,-73.9662,91.4,69,96,7.18,overcast clouds
8,Hilo,US,19.7297,-155.09,86.29,68,75,5.01,broken clouds
9,Guider,CM,9.9342,13.9486,78.94,74,100,4.27,overcast clouds
10,Flinders,AU,-34.5833,150.8552,49.37,79,9,11.9,clear sky
11,Yar-Sale,RU,66.8333,70.8333,66.85,74,0,9.73,clear sky
12,Khatanga,RU,71.9667,102.5,47.44,87,16,6.93,few clouds
13,Avarua,CK,-21.2078,-159.775,71.65,68,75,11.5,broken clouds
14,Berlevag,NO,70.8578,29.0864,49.95,81,75,19.57,broken clouds
15,Victoria,HK,22.2855,114.1577,84.96,88,100,11.01,overcast clouds
16,Ureki,GE,41.9956,41.7786,75.16,81,95,3.67,overcast clouds
17,Edd,ER,13.9297,41.6925,87.49,67,100,5.88,light rain
18,Atuona,PF,-9.8,-139.0333,77.07,68,86,16.08,overcast clouds
19,Rikitea,PF,-23.1203,-134.9692,71.94,61,100,31.25,overcast clouds
20,Mar Del Plata,AR,-38.0023,-57.5575,51.1,82,75,6.91,broken clouds
21,Avera,US,33.194,-82.5271,87.39,45,87,5.44,overcast clouds
22,Saravan,AM,39.7196,45.6483,60.82,82,5,8.12,clear sky
23,Ulaanbaatar,MN,47.9077,106.8832,50.13,81,20,2.24,few clouds
24,Vaini,TO,-21.2,-175.2,73.56,100,20,4.61,few clouds
25,Cape Town,ZA,-33.9258,18.4232,59.11,83,20,8.05,few clouds
26,Arlit,NE,18.7369,7.3853,106.11,12,100,4.41,overcast clouds
27,Bredasdorp,ZA,-34.5322,20.0403,53.37,94,0,7.52,clear sky
28,Lagoa,PT,39.05,-27.9833,73.62,83,96,16.4,light rain
29,Tuatapere,NZ,-46.1333,167.6833,34.45,88,32,8.39,scattered clouds
30,Royan,FR,45.6285,-1.0281,82.78,24,59,12.62,broken clouds
31,Ushuaia,AR,-54.8,-68.3,44.26,49,0,4.61,clear sky
32,Asuncion,PY,-25.3007,-57.6359,65.64,72,75,9.22,broken clouds
33,Sitka,US,57.0531,-135.33,57.09,82,100,6.91,overcast clouds
34,Guilin,CN,25.2819,110.2864,77.11,87,67,0.65,broken clouds
35,Peniche,PT,39.3558,-9.3811,73.29,82,0,4.9,clear sky
36,Tiksi,RU,71.6872,128.8694,45.91,92,100,3.22,overcast clouds
37,Noyabrsk,RU,63.1994,75.4507,60.6,64,100,6.04,overcast clouds
38,Hithadhoo,MV,-0.6,73.0833,82.13,70,100,3.13,overcast clouds
39,Chuy,UY,-33.6971,-53.4616,52.65,75,1,12.3,clear sky
40,Tikhvin,RU,59.6451,33.5294,54.84,78,0,3.31,clear sky
41,Sfantu Gheorghe,RO,45.8667,25.7833,66.81,81,7,4.59,clear sky
42,Mount Isa,AU,-20.7333,139.5,56.97,33,0,6.91,clear sky
43,Saint-Raphael,HT,19.4333,-72.2,85.24,64,64,14.41,broken clouds
44,Tongren,CN,27.7172,109.1853,77.31,85,100,3.91,overcast clouds
45,Sal Rei,CV,16.1833,-22.9167,84.4,79,75,9.22,broken clouds
46,Ust-Nera,RU,64.5667,143.2,64.53,68,99,5.21,overcast clouds
47,Krasnoselkup,RU,65.7,82.4667,55.42,86,100,6.31,overcast clouds
48,Hami,CN,42.8,93.45,86.04,24,72,13.76,broken clouds
49,Batemans Bay,AU,-35.7167,150.1833,50.09,89,8,5.48,clear sky
50,Tautira,PF,-17.7333,-149.15,74.97,73,95,23.29,light rain
51,Pisco,PE,-13.7,-76.2167,66.25,68,75,8.05,broken clouds
52,Faanui,PF,-16.4833,-151.75,76.78,71,85,25.52,overcast clouds
53,San Clemente,US,33.427,-117.612,105.1,58,58,4.0,broken clouds
54,Caravelas,BR,-17.7125,-39.2481,77.16,72,1,10.22,clear sky
55,Torbay,CA,47.6666,-52.7314,78.89,72,75,23.02,smoke
56,Tilichiki,RU,60.4667,166.1,54.43,61,100,4.99,overcast clouds
57,Lake City,US,30.1897,-82.6393,91.78,37,94,2.55,overcast clouds
58,Mataura,NZ,-46.1927,168.8643,34.48,90,11,6.06,few clouds
59,Barrow,US,71.2906,-156.7887,43.21,74,99,6.58,overcast clouds
60,Mareeba,AU,-17.0,145.4333,68.72,91,95,2.62,overcast clouds
61,Port Alfred,ZA,-33.5906,26.891,61.18,97,98,7.0,light rain
62,Guaratinga,BR,-16.5667,-39.5667,75.9,73,98,9.06,overcast clouds
63,Puerto Quijarro,BO,-17.7833,-57.7667,94.35,32,100,6.42,overcast clouds
64,Ancud,CL,-41.8697,-73.8203,49.23,60,8,0.81,clear sky
65,Jiayuguan,CN,39.8167,98.3,70.43,49,10,5.39,clear sky
66,Launceston,AU,-41.45,147.1667,37.35,92,27,6.91,scattered clouds
67,Mahebourg,MU,-20.4081,57.7,68.29,83,40,3.44,scattered clouds
68,Provideniya,RU,64.3833,-173.3,48.33,87,85,5.14,overcast clouds
69,Hermanus,ZA,-34.4187,19.2345,59.0,83,90,3.94,overcast clouds
70,Asau,RO,46.4333,26.4,67.28,90,4,4.23,clear sky
71,Vostok,RU,46.4856,135.8833,63.66,99,100,3.53,moderate rain
72,San Quintin,MX,30.4833,-115.95,74.52,77,100,3.76,overcast clouds
73,Brigantine,US,39.4101,-74.3646,96.04,71,34,16.67,scattered clouds
74,Havoysund,NO,70.9963,24.6622,50.23,85,100,17.43,light rain
75,Koindu,GN,8.4386,-10.3253,71.71,94,12,2.08,light rain
76,Sao Filipe,CV,14.8961,-24.4956,79.83,82,90,2.01,light rain
77,Jaen,ES,38.0,-3.5,90.01,16,0,10.27,clear sky
78,Miles City,US,46.4083,-105.8406,70.77,60,20,0.0,few clouds
79,Odweyne,SO,9.4092,45.064,76.68,39,77,20.85,broken clouds
80,Basco,PH,20.4487,121.9702,84.56,76,100,17.36,overcast clouds
81,Kostomuksha,RU,64.571,30.5767,50.72,82,98,6.71,overcast clouds
82,Puerto Ayora,EC,-0.7393,-90.3518,78.76,85,61,7.0,broken clouds
83,Port Hedland,AU,-20.3167,118.5667,53.65,82,0,5.75,clear sky
84,Okhotsk,RU,59.3833,143.3,54.45,92,100,8.68,light rain
85,Hoa Binh,VN,20.8133,105.3383,74.62,97,100,2.73,overcast clouds
86,Kavaratti,IN,10.5669,72.642,80.8,83,100,23.67,overcast clouds
87,Sirsi,IN,14.6167,74.85,69.98,96,100,11.74,light rain
88,Nong Khai,TH,17.9167,103.0833,78.3,98,100,4.9,overcast clouds
89,Chokurdakh,RU,70.6333,147.9167,46.62,53,100,13.71,overcast clouds
90,Veraval,IN,20.9,70.3667,81.37,89,100,14.2,overcast clouds
91,Sayat,TM,38.7839,63.8803,85.87,23,0,9.73,clear sky
92,Jimeta,NG,9.2833,12.4667,78.76,81,52,3.4,broken clouds
93,Coihaique,CL,-45.5752,-72.0662,40.95,60,75,4.61,broken clouds
94,Carnarvon,AU,-24.8667,113.6333,63.27,73,0,12.5,clear sky
95,Colesberg,ZA,-30.72,25.0972,55.15,24,0,18.39,clear sky
96,East London,ZA,-33.0153,27.9116,63.54,94,100,19.57,light intensity drizzle
97,Bystryy Istok,RU,52.371,84.3873,59.58,58,50,4.05,scattered clouds
98,Roros,NO,62.5747,11.3842,55.24,62,0,2.3,clear sky
99,Vila Velha,BR,-20.3297,-40.2925,82.35,77,0,17.27,clear sky
100,Polyarnyye Zori,RU,67.3661,32.4981,47.86,77,30,7.4,scattered clouds
101,Henties Bay,NA,-22.116,14.2845,56.16,88,11,8.37,few clouds
102,Saint-Philippe,RE,-21.3585,55.7679,68.22,82,12,5.23,few clouds
103,Port Elizabeth,ZA,-33.918,25.5701,62.1,97,100,14.97,heavy intensity rain
104,Itarema,BR,-2.9248,-39.9167,82.85,68,1,19.62,clear sky
105,Taoudenni,ML,22.6783,-3.9836,108.93,8,0,9.78,clear sky
106,Yellowknife,CA,62.456,-114.3525,63.12,67,75,3.44,broken clouds
107,Saldanha,ZA,-33.0117,17.9442,57.25,96,17,11.72,few clouds
108,Jamestown,US,42.097,-79.2353,88.95,54,20,9.22,few clouds
109,Chegem,RU,43.2833,43.1333,44.73,97,100,2.84,overcast clouds
110,Nikolskoye,RU,59.7035,30.7861,61.92,78,10,2.8,clear sky
111,Moindou,NC,-21.6924,165.677,70.56,92,36,2.73,scattered clouds
112,Waiouru,NZ,-39.4833,175.6667,37.04,87,100,1.9,overcast clouds
113,Palauig,PH,15.435,119.9045,77.92,84,100,13.2,overcast clouds
114,Trairi,BR,-3.2778,-39.2689,82.67,68,5,15.9,clear sky
115,Ilulissat,GL,69.2167,-51.1,39.38,89,58,4.03,broken clouds
116,Saurimo,AO,-9.6608,20.3916,69.06,23,1,4.14,clear sky
117,Kununurra,AU,-15.7667,128.7333,67.98,73,40,0.0,scattered clouds
118,Maiduguri,NG,11.8464,13.1603,79.0,77,99,14.67,moderate rain
119,Waipawa,NZ,-41.4122,175.5153,47.84,95,100,12.57,moderate rain
120,Mokrousovo,RU,55.8103,66.7653,63.43,76,66,7.11,broken clouds
121,Emerald,AU,-23.5333,148.1667,48.34,70,0,11.01,clear sky
122,Shakawe,BW,-18.3667,21.85,67.82,25,0,5.73,clear sky
123,Sembakung,ID,3.8167,117.25,71.78,92,100,2.42,light rain
124,Guozhen,CN,34.3659,107.359,84.72,63,100,4.18,overcast clouds
125,Georgetown,MY,5.4112,100.3354,82.89,89,20,0.0,few clouds
126,Seymchan,RU,62.8833,152.4333,65.17,75,89,2.17,overcast clouds
127,Qaanaaq,GL,77.484,-69.3632,43.66,58,6,2.13,clear sky
128,Mbalmayo,CM,3.5167,11.5,67.62,99,100,3.96,overcast clouds
129,Lebu,CL,-37.6167,-73.65,46.38,86,99,11.56,overcast clouds
130,Broken Hill,AU,-31.95,141.4333,47.55,65,7,6.58,clear sky
131,New Norfolk,AU,-42.7826,147.0587,37.71,85,32,1.95,scattered clouds
132,Walvis Bay,NA,-22.9575,14.5053,57.09,76,5,4.61,clear sky
133,Topolobampo,MX,25.6,-109.05,89.04,59,54,9.66,broken clouds
134,Pizhanka,RU,57.4604,48.542,68.09,70,81,4.32,broken clouds
135,Norman Wells,CA,65.282,-126.8329,64.44,59,75,6.91,broken clouds
136,Bathsheba,BB,13.2167,-59.5167,84.81,90,40,14.97,scattered clouds
137,Arroyo,ES,41.6096,-4.7969,91.44,27,0,3.44,clear sky
138,Guerrero Negro,MX,27.9769,-114.0611,86.95,52,88,5.3,overcast clouds
139,Aleksandrovskiy Zavod,RU,50.9237,117.9374,45.48,81,10,6.44,clear sky
140,Rocha,UY,-34.4833,-54.3333,51.1,68,99,10.76,overcast clouds
141,Changji,CN,44.0167,87.3167,83.19,34,0,2.24,clear sky
142,Lao,PH,11.0181,124.5597,75.42,92,100,3.06,overcast clouds
143,Cururupu,BR,-1.8283,-44.8683,86.04,58,11,6.96,few clouds
144,Rawson,AR,-43.3002,-65.1023,43.03,68,100,11.07,overcast clouds
145,Los Llanos De Aridane,ES,28.6585,-17.9182,71.35,73,20,13.8,few clouds
146,Bubaque,GW,11.2833,-15.8333,79.74,80,100,12.1,light rain
147,Mandalgovi,MN,45.7625,106.2708,62.44,39,21,7.43,few clouds
148,Tasiilaq,GL,65.6145,-37.6368,42.51,92,100,8.48,light rain
149,Kaitangata,NZ,-46.2817,169.8464,37.63,72,99,8.5,overcast clouds
150,Ribeira Grande,PT,38.5167,-28.7,73.8,88,75,16.11,broken clouds
151,Kodinsk,RU,58.6881,99.1844,54.59,96,100,3.42,overcast clouds
152,Traralgon,AU,-38.1833,146.5333,42.39,98,43,1.61,scattered clouds
153,Magadan,RU,59.5667,150.8,45.54,83,94,2.37,overcast clouds
154,Fort Abbas,PK,29.1925,72.8536,89.92,62,100,8.63,overcast clouds
155,Lakes Entrance,AU,-37.8811,147.981,42.17,91,83,3.85,broken clouds
156,Ankang,CN,32.68,109.0172,82.24,73,100,2.33,overcast clouds
157,Castro,BR,-24.7911,-50.0119,59.72,94,100,2.35,moderate rain
158,Severo-Kurilsk,RU,50.6789,156.125,54.27,94,41,6.69,scattered clouds
159,Robertsport,LR,6.7533,-11.3686,77.14,77,62,14.45,broken clouds
160,Talnakh,RU,69.4865,88.3972,56.21,86,100,3.85,light rain
161,Namatanai,PG,-3.6667,152.4333,77.63,83,98,5.17,light rain
162,Thompson,CA,55.7435,-97.8558,73.56,43,75,18.41,broken clouds
163,Tuktoyaktuk,CA,69.4541,-133.0374,46.4,76,100,9.22,overcast clouds
164,Evensk,RU,61.95,159.2333,53.94,87,100,0.98,overcast clouds
165,Basoko,CD,1.2391,23.616,75.83,78,99,3.58,light rain
166,Vieste,IT,41.8825,16.175,80.24,71,0,15.14,clear sky
167,Butaritari,KI,3.0707,172.7902,82.13,74,100,16.17,light rain
168,Kigoma,TZ,-4.8769,29.6267,74.66,62,0,5.32,clear sky
169,Sao Gabriel Da Cachoeira,BR,-0.1303,-67.0892,89.4,62,75,5.75,broken clouds
170,Grindavik,IS,63.8424,-22.4338,52.27,87,100,18.41,overcast clouds
171,Saint-Francois,FR,46.4154,3.9054,81.84,26,0,11.5,clear sky
172,Bengkulu,ID,-3.8004,102.2655,75.29,88,9,6.08,clear sky
173,Upernavik,GL,72.7868,-56.1549,41.94,85,84,9.04,broken clouds
174,Miraflores,MX,19.2167,-98.8083,72.03,50,100,2.35,overcast clouds
175,Bela,IN,25.9333,81.9833,86.49,67,96,7.2,overcast clouds
176,Manta,EC,-0.95,-80.7333,74.98,78,100,10.36,overcast clouds
177,Hofn,IS,64.2539,-15.2082,53.01,98,100,9.53,overcast clouds
178,Le Port,RE,-20.9373,55.2919,70.25,69,69,3.06,light rain
179,San Policarpo,PH,12.1791,125.5072,75.33,88,100,3.4,overcast clouds
180,Troitsko-Pechorsk,RU,62.7084,56.1964,71.64,59,89,4.5,overcast clouds
181,Hauterive,FR,46.0901,3.4459,81.36,32,0,5.32,clear sky
182,Hasaki,JP,35.7333,140.8333,77.4,92,32,12.08,scattered clouds
183,Pacific Grove,US,36.6177,-121.9166,76.21,75,59,8.01,broken clouds
184,Ballina,AU,-28.8667,153.5667,44.78,75,0,9.48,clear sky
185,Olafsvik,IS,64.8945,-23.7142,51.42,78,100,12.95,overcast clouds
186,San Francisco,US,37.7749,-122.4194,80.02,74,40,11.01,scattered clouds
187,Yurino,RU,56.2942,46.3039,68.68,74,19,5.26,few clouds
188,Alice Springs,AU,-23.7,133.8833,36.95,65,0,0.0,clear sky
189,Jales,BR,-20.2689,-50.5458,93.43,17,100,10.94,overcast clouds
190,Xinmin,CN,41.9908,122.8253,71.89,93,0,11.3,clear sky
191,Beringovskiy,RU,63.05,179.3167,41.61,69,5,30.18,clear sky
192,Port Hardy,CA,50.6996,-127.4199,63.32,81,32,7.11,scattered clouds
193,Umm Kaddadah,SD,13.6017,26.6876,87.55,40,93,5.59,overcast clouds
194,San Cristobal,VE,7.7669,-72.225,84.09,47,98,7.34,overcast clouds
195,Solnechnyy,RU,50.7214,136.6319,63.82,100,100,4.07,light rain
196,Magdalena,PH,14.1999,121.429,75.34,98,100,3.06,moderate rain
197,Terrace Bay,CA,48.7834,-87.1,61.77,50,100,2.53,overcast clouds
198,Klaksvik,FO,62.2266,-6.589,52.72,88,97,15.35,overcast clouds
199,Sur,OM,22.5667,59.5289,86.85,64,34,9.93,scattered clouds
200,Keti Bandar,PK,24.1447,67.4497,81.48,80,100,6.2,overcast clouds
201,Gamba,GA,-2.65,10.0,68.79,82,50,8.3,scattered clouds
202,Alta Floresta,BR,-9.8756,-56.0861,93.7,35,29,7.94,scattered clouds
203,Shambu,ET,9.5667,37.1,51.64,94,100,1.45,light rain
204,Lata,PT,40.1629,-8.3327,73.65,57,0,5.82,clear sky
205,Osorno,CL,-40.5667,-73.15,47.25,94,100,0.69,overcast clouds
206,Tawau,MY,4.2498,117.8871,77.25,80,100,2.28,overcast clouds
207,Windhoek,NA,-22.5594,17.0832,64.11,29,22,7.85,few clouds
208,Bethel,US,41.3712,-73.414,95.36,59,95,3.0,overcast clouds
209,Kapaa,US,22.0752,-159.319,78.19,95,25,12.66,scattered clouds
210,Alappuzha,IN,9.49,76.3264,77.0,87,100,17.27,overcast clouds
211,Shimoda,JP,34.6667,138.95,77.11,89,49,7.87,light rain
212,Kruisfontein,ZA,-34.0033,24.7314,59.88,95,49,5.14,scattered clouds
213,Nador,MA,35.174,-2.9287,82.65,69,20,8.05,few clouds
214,Alofi,NU,-19.0595,-169.9187,76.55,76,16,21.9,few clouds
215,Komsomolskiy,UZ,40.4272,71.7189,84.87,20,0,11.81,clear sky
216,Inhambane,MZ,-23.865,35.3833,69.78,82,0,10.29,clear sky
217,Santa Isabel Do Rio Negro,BR,-0.4139,-65.0192,86.09,65,100,2.55,overcast clouds
218,Pusztaszabolcs,HU,47.1372,18.767,81.68,33,95,14.45,overcast clouds
219,Clyde River,CA,70.4692,-68.5914,41.56,84,99,2.84,overcast clouds
220,Carroll,US,39.5501,-77.0164,91.72,62,40,9.22,scattered clouds
221,Saltabarranca,MX,18.6,-95.5333,85.95,63,51,9.98,broken clouds
222,Araouane,ML,18.9048,-3.5265,105.22,14,36,1.36,scattered clouds
223,Nouadhibou,MR,20.931,-17.0347,71.56,90,5,22.21,clear sky
224,Rio Verde De Mato Grosso,BR,-18.9181,-54.8442,90.5,24,100,8.99,overcast clouds
225,Sobolevo,RU,54.4299,31.8996,55.09,96,27,6.22,scattered clouds
226,Tura,IN,25.5198,90.2201,75.15,96,99,4.36,overcast clouds
227,Airai,TL,-8.9266,125.4092,57.22,66,13,3.02,few clouds
228,Vung Tau,VN,10.346,107.0843,78.87,81,100,13.15,heavy intensity rain
229,Raymore,US,38.8019,-94.4527,93.74,60,0,12.66,clear sky
230,Rawah,IQ,34.4816,41.9093,95.09,13,0,6.44,clear sky
231,Kudahuvadhoo,MV,2.6708,72.8944,81.55,76,99,11.43,overcast clouds
232,Barda,AZ,40.3744,47.1267,76.28,58,35,7.27,scattered clouds
233,Marienburg,PL,54.0359,19.0266,64.89,73,68,5.01,broken clouds
234,Tongliao,CN,43.6125,122.2653,64.89,75,12,8.75,few clouds
235,Labytnangi,RU,66.6572,66.4183,68.45,67,0,6.44,clear sky
236,Malusac,PH,14.8587,120.6215,77.18,94,100,8.88,light rain
237,Doha,QA,25.2867,51.5333,94.98,59,0,5.75,clear sky
238,Banda Aceh,ID,5.5577,95.3222,78.75,78,95,12.84,overcast clouds
239,Adrar,MR,20.5022,-10.0711,105.87,14,2,11.72,clear sky
240,Minna,NG,9.6139,6.5569,78.6,75,100,1.54,overcast clouds
241,Brae,GB,60.3964,-1.353,54.81,89,100,11.45,overcast clouds
242,Amli,IN,20.2833,73.0167,77.79,94,100,4.74,light rain
243,Sorland,NO,67.667,12.6934,53.46,83,18,13.42,few clouds
244,Souillac,MU,-20.5167,57.5167,68.38,83,40,3.44,light rain
245,Mirik,IN,26.8945,88.1848,65.95,88,53,2.59,broken clouds
246,Jega,NG,12.2175,4.3792,86.61,57,100,6.29,overcast clouds
247,Cibitoke,BI,-2.8833,29.25,64.85,63,3,3.78,clear sky
248,Santa Cecilia,BR,-26.9608,-50.4269,51.75,99,100,2.42,light rain
249,Dikson,RU,73.5069,80.5464,42.17,100,100,10.13,light rain
250,Saint-Joseph,RE,-21.3667,55.6167,66.58,81,8,5.95,clear sky
251,Boca Do Acre,BR,-8.7522,-67.3978,87.84,53,96,0.78,overcast clouds
252,Yabrud,SY,33.9674,36.6574,75.52,29,0,1.01,clear sky
253,Bajil,YE,15.0584,43.2851,89.02,61,93,11.12,overcast clouds
254,Lere,NG,10.387,8.5726,70.41,91,100,3.83,light rain
255,La Ronge,CA,55.1001,-105.2842,74.73,44,5,8.59,clear sky
256,Cidreira,BR,-30.1811,-50.2056,58.59,89,100,13.44,overcast clouds
257,Gizo,SB,-8.103,156.8419,80.96,76,96,5.08,light rain
258,Mahibadhoo,MV,3.7833,72.9667,81.86,76,65,14.36,broken clouds
259,Leningradskiy,RU,69.3833,178.4167,31.66,96,100,19.73,light snow
260,Potiskum,NG,11.7091,11.0694,84.87,59,100,5.53,overcast clouds
261,Meybod,IR,32.2501,54.0166,96.82,15,0,7.83,clear sky
262,Matara,LK,5.9485,80.5353,77.76,85,100,12.17,overcast clouds
263,Chernogorsk,RU,53.8236,91.2842,54.97,71,0,2.24,clear sky
264,Quatre Cocos,MU,-20.2078,57.7625,68.11,76,25,8.79,scattered clouds
265,Bambous Virieux,MU,-20.3428,57.7575,68.25,83,40,3.44,scattered clouds
266,Taksimo,RU,56.3444,114.8794,46.67,82,9,4.18,clear sky
267,Bafoulabe,ML,13.8065,-10.8321,83.59,76,87,2.91,overcast clouds
268,Mitzic,GA,0.7821,11.549,73.9,74,86,5.53,overcast clouds
269,Mahon,ES,39.8885,4.2658,84.76,54,0,9.22,clear sky
270,Forio,IT,40.7342,13.8646,86.29,87,46,7.0,scattered clouds
271,Port Lincoln,AU,-34.7333,135.8667,48.2,78,0,6.78,clear sky
272,Khilok,RU,51.3674,110.4676,45.07,87,0,5.79,clear sky
273,San Patricio,US,28.017,-97.5169,95.72,42,1,16.75,clear sky
274,Morwa,IN,22.9,73.8333,80.04,89,100,9.82,overcast clouds
275,Lahat,ID,-3.8,103.5333,71.42,89,9,2.62,clear sky
276,Miri,MY,4.4148,114.0089,77.54,84,99,3.65,overcast clouds
277,Rudiskes,LT,54.5167,24.8333,66.47,86,56,3.38,broken clouds
278,Acarau,BR,-2.8856,-40.12,83.75,66,4,20.47,clear sky
279,Tomatlan,MX,19.9333,-105.25,89.89,56,22,8.48,few clouds
280,Kiunga,PG,-6.1219,141.2906,72.21,99,94,2.55,heavy intensity rain
281,Labuhan,ID,-6.8844,112.2051,74.91,85,22,8.68,few clouds
282,Portland,US,45.5234,-122.6762,92.23,38,0,9.22,clear sky
283,Hirado,JP,33.3597,129.5531,81.39,89,73,11.14,broken clouds
284,Yangambi,CD,0.8102,24.4336,72.48,91,22,1.23,light rain
285,Aklavik,CA,68.2191,-135.0107,46.92,70,84,2.28,broken clouds
286,Ponta Do Sol,PT,32.6667,-17.1,75.7,76,1,3.51,clear sky
287,Syracuse,IT,37.0881,15.2792,83.57,65,0,5.68,clear sky
288,Hambantota,LK,6.1241,81.1185,77.34,100,20,9.22,few clouds
289,Fare,PF,-16.7,-151.0167,76.84,71,51,26.28,broken clouds
290,Ulaangom,MN,49.9811,92.0667,61.84,48,86,3.15,overcast clouds
291,Manggar,ID,-2.8833,108.2667,78.84,80,7,8.61,clear sky
292,Crotone,IT,39.0851,17.1178,78.19,58,0,5.14,clear sky
293,Gijon,ES,43.5357,-5.6615,72.45,86,55,3.0,broken clouds
294,Hirara,JP,24.8,125.2833,84.06,75,3,13.2,clear sky
295,Kysyl-Syr,RU,63.8986,122.7617,47.57,95,95,3.89,overcast clouds
296,Bandarbeyla,SO,9.4942,50.8122,75.92,82,3,31.45,clear sky
297,Omboue,GA,-1.5746,9.2618,71.17,78,54,9.31,broken clouds
298,Lufilufi,WS,-13.8745,-171.5986,74.98,79,33,18.14,light rain
299,Leh,IN,34.1667,77.5833,67.78,46,63,4.85,broken clouds
300,Maicao,CO,11.3832,-72.2432,90.54,48,10,15.05,clear sky
301,Dzhebariki-Khaya,RU,62.2167,135.8,58.48,70,100,0.65,overcast clouds
302,Longyearbyen,SJ,78.2186,15.6401,46.24,93,75,11.5,broken clouds
303,Bilibino,RU,68.0546,166.4372,35.69,69,8,1.52,clear sky
304,Santa Lucia,ES,27.9117,-15.5407,68.76,78,20,29.93,few clouds
305,Tucupita,VE,9.0622,-62.051,83.39,81,100,4.29,overcast clouds
306,Esqueda,MX,30.7167,-109.5833,85.35,41,5,2.08,clear sky
307,Arraial Do Cabo,BR,-22.9661,-42.0278,75.06,78,75,4.61,broken clouds
308,Presidencia Roque Saenz Pena,AR,-26.7852,-60.4388,72.34,41,0,9.19,clear sky
309,Tulun,RU,54.5611,100.5792,47.79,82,79,1.9,broken clouds
310,Horodnytsya,UA,50.807,27.3168,60.22,93,42,4.09,scattered clouds
311,Saint George,US,37.1041,-113.5841,99.63,25,0,4.61,clear sky
312,Kondinskoye,RU,59.6481,67.41,65.75,65,73,3.33,broken clouds
313,Cap Malheureux,MU,-19.9842,57.6142,67.46,77,36,3.0,scattered clouds
314,Riachao Das Neves,BR,-11.7461,-44.91,92.55,18,8,6.35,clear sky
315,Tessalit,ML,20.1986,1.0114,102.74,11,33,2.82,scattered clouds
316,Ingleside,US,27.8778,-97.2117,95.0,64,0,12.66,clear sky
317,Plettenberg Bay,ZA,-34.0527,23.3716,59.18,84,64,5.08,light rain
318,Lasa,IT,46.6166,10.7002,62.69,88,100,1.7,light rain
319,Qaqortoq,GL,60.7167,-46.0333,47.59,72,0,3.83,clear sky
320,Nara,JP,34.6851,135.8049,80.49,70,49,2.91,scattered clouds
321,Simpang,ID,-1.2667,104.0833,74.46,94,17,2.84,few clouds
322,Varfurile,RO,46.3167,22.5167,76.26,55,85,4.83,overcast clouds
323,Nome,US,64.5011,-165.4064,46.47,93,100,18.41,light rain
324,Katsuura,JP,35.1333,140.3,79.57,90,12,12.03,few clouds
325,Springbok,ZA,-29.6643,17.8865,42.58,92,62,3.06,broken clouds
326,Cabo San Lucas,MX,22.8909,-109.9124,93.61,73,40,11.5,scattered clouds
327,Port-Gentil,GA,-0.7193,8.7815,73.36,78,40,8.05,scattered clouds
328,Marawi,PH,7.9986,124.2928,68.11,96,100,0.89,overcast clouds
329,Bam,IR,29.106,58.357,91.33,14,0,9.22,clear sky
330,Port Augusta,AU,-32.5,137.7667,42.17,77,0,2.84,clear sky
331,Tabou,CI,4.423,-7.3528,74.08,79,100,7.87,overcast clouds
332,Hearst,CA,49.6835,-83.6665,68.5,39,8,4.63,clear sky
333,Nagaur,IN,27.2,73.7333,87.24,67,100,11.74,light rain
334,Kavieng,PG,-2.5744,150.7967,80.8,79,98,13.38,light rain
335,Rio Gallegos,AR,-51.6226,-69.2181,39.25,87,40,12.66,scattered clouds
336,Salinas,US,36.6777,-121.6555,81.57,61,0,13.8,clear sky
337,Comodoro Rivadavia,AR,-45.8667,-67.5,42.66,81,75,11.5,broken clouds
338,Ponta Delgada,PT,37.7333,-25.6667,74.12,83,75,9.22,broken clouds
339,Port Blair,IN,11.6667,92.75,81.39,83,100,21.83,light rain
340,Husavik,IS,66.0449,-17.3389,54.61,93,100,9.51,light rain
341,Cayenne,GF,4.9333,-52.3333,87.84,16,100,10.36,overcast clouds
342,Igarka,RU,67.4667,86.5833,55.17,85,100,5.68,light rain
343,Kirakira,SB,-10.4544,161.9205,77.9,86,86,7.31,overcast clouds
344,Benghazi,LY,32.1167,20.0667,82.36,71,0,12.48,clear sky
345,Mangan,IN,27.5167,88.5333,76.06,91,9,2.3,clear sky
346,Geraldton,AU,-28.7667,114.6,54.01,94,100,9.22,overcast clouds
347,Chapaevsk,RU,52.9813,49.7112,75.61,42,97,5.35,overcast clouds
348,Gobabis,NA,-22.45,18.9667,68.07,19,67,10.65,broken clouds
349,Mabaruma,GY,8.2,-59.7833,85.86,70,75,5.55,broken clouds
350,Tazovskiy,RU,67.4667,78.7,55.92,94,100,8.12,overcast clouds
351,Gat,IL,31.61,34.7642,81.28,64,0,4.47,clear sky
352,Antofagasta,CL,-23.65,-70.4,58.28,57,9,13.44,clear sky
353,Porto Novo,BJ,6.4965,2.6036,74.79,81,13,10.58,few clouds
354,Sorong,ID,-0.8833,131.25,76.98,88,89,6.64,overcast clouds
355,Tuy Hoa,VN,13.0833,109.3,76.3,87,100,15.95,overcast clouds
356,Banjar,ID,-8.19,114.9675,73.71,90,10,5.79,clear sky
357,Namibe,AO,-15.1961,12.1522,61.93,90,46,4.34,scattered clouds
358,Forestville,US,38.8451,-76.875,93.34,63,75,13.8,broken clouds
359,Puerto Suarez,BO,-18.95,-57.8,81.16,65,75,2.3,broken clouds
360,Altay,CN,47.8667,88.1167,65.8,49,2,6.42,clear sky
361,Qingdao,CN,36.0986,120.3719,83.5,86,71,6.76,broken clouds
362,Nanortalik,GL,60.1432,-45.2371,45.32,81,10,8.88,clear sky
363,Te Anau,NZ,-45.4167,167.7167,31.66,90,26,7.2,scattered clouds
364,Balkhash,KZ,46.844,74.9804,75.9,36,61,12.08,broken clouds
365,Deputatskiy,RU,69.3,139.9,45.21,97,100,3.44,overcast clouds
366,San Lorenzo,PY,-25.3333,-57.5333,65.34,72,75,11.5,broken clouds
367,Khasan,RU,42.4308,130.6434,72.57,97,33,4.97,scattered clouds
368,Buckeye,US,33.3703,-112.5838,102.7,33,80,0.0,broken clouds
369,Touros,BR,-5.1989,-35.4608,80.31,66,19,14.45,few clouds
370,Esperance,AU,-33.8667,121.9,49.1,85,0,11.05,clear sky
371,Los Alamos,US,35.8881,-106.307,83.14,45,0,3.44,clear sky
372,Karachi,PK,24.9056,67.0822,82.22,94,40,5.75,scattered clouds
373,Konya,TR,38.1667,32.5,78.28,47,35,9.8,scattered clouds
374,Preobrazheniye,RU,42.9019,133.9064,72.28,99,100,2.68,overcast clouds
375,Nokaneng,BW,-19.6667,22.2667,69.37,24,0,4.5,clear sky
376,Corinto,GR,37.9407,22.9573,83.89,48,0,6.4,clear sky
377,Paralimni,CY,35.0375,33.9833,82.11,77,0,7.0,clear sky
378,Leshukonskoye,RU,64.8989,45.7622,59.68,78,100,4.81,overcast clouds
379,Boffa,GN,10.1667,-14.0333,76.5,92,100,7.05,moderate rain
380,Constitucion,CL,-35.3333,-72.4167,53.15,74,35,5.28,scattered clouds
381,Green River,US,41.5286,-109.4662,77.18,38,0,1.99,clear sky
382,Vryburg,ZA,-26.9566,24.7284,65.79,30,44,11.59,scattered clouds
383,Luderitz,NA,-26.6481,15.1594,57.07,77,0,8.97,clear sky
384,Olean,US,42.0776,-78.4297,86.65,57,75,4.61,broken clouds
385,Lompoc,US,34.6391,-120.4579,84.69,65,0,23.0,clear sky
386,Krasnyy Chikoy,RU,50.3643,108.7512,48.85,81,50,2.48,scattered clouds
387,Marsa Matruh,EG,31.3525,27.2453,80.13,74,0,7.54,clear sky
388,Inzhavino,RU,52.3185,42.4937,72.37,39,15,6.49,few clouds
389,Phonhong,LA,18.5007,102.4166,74.23,96,100,0.74,overcast clouds
390,Nehe,CN,48.4833,124.8333,56.25,55,0,7.94,clear sky
391,Marzuq,YE,14.4,46.4667,79.07,67,15,6.98,few clouds
392,Fortuna,US,40.5982,-124.1573,67.93,81,75,3.44,broken clouds
393,Cherskiy,RU,68.75,161.3,37.63,76,99,5.66,overcast clouds
394,Beyneu,KZ,45.3167,55.2,84.04,18,1,8.72,clear sky
395,Buala,SB,-8.145,159.5921,79.43,81,92,3.2,light rain
396,Yerbogachen,RU,61.2767,108.0108,47.66,98,100,7.16,overcast clouds
397,Kapoeta,SS,4.7717,33.5903,76.8,61,100,4.81,overcast clouds
398,Buchanan,LR,5.8808,-10.0467,75.42,77,90,9.17,overcast clouds
399,Saint Anthony,US,45.0205,-93.218,73.24,75,100,10.36,overcast clouds
400,Sheltozero,RU,61.3667,35.3667,57.56,76,4,8.32,clear sky
401,Ternate,ID,0.8,127.4,78.66,80,100,3.11,overcast clouds
402,Handan,CN,36.6006,114.4678,83.25,85,100,1.99,overcast clouds
403,Pevek,RU,69.7008,170.3133,32.25,93,100,17.18,overcast clouds
404,Flin Flon,CA,54.7682,-101.865,76.37,38,90,9.82,overcast clouds
405,Jasper,US,37.2001,-94.3502,95.02,47,40,13.8,scattered clouds
406,Barcelos,PT,41.5388,-8.6151,75.92,73,7,4.54,clear sky
407,Vologda,RU,59.2187,39.8886,55.83,92,100,5.37,light rain
408,Catamarca,AR,-28.4696,-65.7852,66.79,39,30,4.99,scattered clouds
409,Mangrol,IN,21.1167,70.1167,81.52,88,100,14.36,overcast clouds
410,Lukovetskiy,RU,64.2956,41.9211,55.87,74,99,3.94,overcast clouds
411,Kawalu,ID,-7.3817,108.2082,69.58,93,91,0.38,overcast clouds
412,Newport,GB,51.5877,-2.9984,75.69,60,2,4.25,clear sky
413,Lalsot,IN,26.5667,76.3333,82.67,75,100,5.06,moderate rain
414,Sandwick,GB,60.0,-1.25,53.42,94,75,10.36,broken clouds
415,Mildura,AU,-34.2,142.15,45.5,74,55,8.12,broken clouds
416,Kushmurun,KZ,52.4503,64.6311,66.79,65,99,10.04,overcast clouds
417,Ayorou,NE,14.7308,0.9174,100.2,30,4,5.44,clear sky
418,Necochea,AR,-38.5473,-58.7368,46.09,65,100,6.71,overcast clouds
419,Mount Gambier,AU,-37.8333,140.7667,37.89,92,6,3.87,clear sky
420,Verkhnyaya Toyma,RU,62.2349,44.9985,58.33,96,100,3.78,overcast clouds
421,Banyo,CM,6.75,11.8167,66.42,94,100,2.28,overcast clouds
422,Mugumu,TZ,-1.85,34.7,71.01,52,100,2.89,overcast clouds
423,Malanje,AO,-9.5402,16.341,73.29,21,0,3.18,clear sky
424,Tokur,RU,53.1333,132.9,51.39,98,100,4.76,overcast clouds
425,Assiniboia,CA,49.6334,-105.9845,75.42,41,6,7.67,clear sky
426,Taunsa,PK,30.7048,70.6505,97.11,42,43,7.18,scattered clouds
427,Nangomba,TZ,-10.9,38.5,72.73,53,17,8.1,few clouds
428,Luganville,VU,-15.5333,167.1667,75.96,85,6,0.56,clear sky
429,Oranjemund,NA,-28.55,16.4333,54.97,88,0,0.04,clear sky
430,Kashan,IR,33.9831,51.4364,98.69,13,100,1.28,overcast clouds
431,Canayan,PH,8.1956,125.1447,67.68,99,100,2.48,overcast clouds
432,Lucapa,AO,-8.4192,20.7447,73.72,23,6,2.93,clear sky
433,Aykhal,RU,66.0,111.5,43.86,98,100,3.06,light rain
434,Anadyr,RU,64.75,177.4833,39.0,69,10,24.0,clear sky
435,Puerto Escondido,MX,15.85,-97.0667,88.63,66,75,6.91,broken clouds
436,Campobasso,IT,41.6333,14.5833,79.81,57,66,4.12,broken clouds
437,Okitipupa,NG,6.5047,4.7839,74.59,86,97,5.53,overcast clouds
438,Lac Du Bonnet,CA,50.2536,-96.0612,70.77,39,100,5.19,overcast clouds
439,Ushtobe,KZ,45.2514,77.9838,74.86,33,100,9.82,overcast clouds
440,Tibati,CM,6.4667,12.6333,68.36,96,100,1.5,overcast clouds
441,Lazaro Cardenas,MX,17.9583,-102.2,84.97,62,100,5.7,overcast clouds
442,Erenhot,CN,43.6475,111.9767,68.2,46,52,12.33,broken clouds
443,Manuk Mangkaw,PH,4.8,119.85,83.17,67,100,10.16,overcast clouds
444,Korla,CN,41.7597,86.1469,84.9,25,4,4.29,clear sky
445,Soyo,AO,-6.1349,12.3689,69.22,84,3,8.75,clear sky
446,Kangaatsiaq,GL,68.3065,-53.4641,40.35,94,100,5.82,light rain
447,Harper,LR,4.375,-7.7169,73.8,79,100,7.74,overcast clouds
448,Maceio,BR,-9.6658,-35.7353,81.84,65,40,14.97,scattered clouds
449,Sanghar,PK,26.0466,68.9481,92.25,59,10,10.69,clear sky
450,Gladstone,AU,-23.85,151.25,50.79,81,0,4.61,clear sky
451,Sinop,TR,41.7711,34.8709,64.78,90,0,2.95,clear sky
452,Naze,JP,28.3667,129.4833,78.71,80,0,3.51,clear sky
453,Barahona,DO,18.2085,-71.1008,94.82,59,40,11.5,scattered clouds
454,Qandala,SO,11.472,49.8728,89.76,48,100,5.08,overcast clouds
455,Pangkalanbuun,ID,-2.6833,111.6167,71.65,96,58,1.88,broken clouds
456,Grimshaw,CA,56.1834,-117.6027,72.23,47,1,16.31,clear sky
457,Talcahuano,CL,-36.7167,-73.1167,51.48,76,75,9.22,broken clouds
458,Shaunavon,CA,49.6501,-108.4181,77.99,28,7,6.85,clear sky
459,Waspan,NI,14.7419,-83.9717,82.69,82,100,7.92,overcast clouds
460,Media Luna,CU,20.1419,-77.435,90.9,53,31,6.8,scattered clouds
461,Ambulu,ID,-8.345,113.6058,74.62,90,84,3.44,broken clouds
462,Sawtell,AU,-30.3833,153.1,51.82,62,0,8.05,clear sky
463,Ojiya,JP,37.3,138.8,77.4,93,15,3.96,few clouds
464,Zambezi,ZM,-13.5432,23.1047,65.07,27,0,5.41,clear sky
465,Ust-Uda,RU,54.1742,103.0304,46.8,85,22,2.55,few clouds
466,Savinskiy,RU,62.9342,40.1361,54.64,80,100,4.63,overcast clouds
467,Torbat-E Jam,IR,35.244,60.6225,82.42,23,0,15.7,clear sky
468,Alamosa,US,37.4695,-105.87,78.78,31,20,6.91,few clouds
469,Coquimbo,CL,-29.9533,-71.3436,60.53,67,20,10.36,few clouds
470,Codrington,AU,-38.2667,141.9667,38.07,90,8,7.78,clear sky
471,Agadez,NE,19.75,10.25,100.87,12,100,6.35,overcast clouds
472,Salalah,OM,17.0151,54.0924,77.09,100,100,5.75,light intensity drizzle
473,Ostrovnoy,RU,68.0531,39.5131,51.62,73,100,24.14,overcast clouds
474,Asfi,MA,32.2994,-9.2372,71.85,78,0,17.09,clear sky
475,Diego De Almagro,CL,-26.3667,-70.05,70.57,11,1,8.59,clear sky
476,Gushikawa,JP,26.3544,127.8686,81.63,91,0,0.0,clear sky
477,Svetlaya,RU,46.5389,138.3297,67.14,100,100,11.77,overcast clouds
478,Mizan Teferi,ET,6.9833,35.5833,61.02,96,100,2.08,overcast clouds
479,Sao Felix Do Xingu,BR,-6.6447,-51.995,96.19,30,88,1.77,overcast clouds
480,Vaitape,PF,-16.5167,-151.75,76.75,71,85,25.41,overcast clouds
481,Malatya,TR,38.5,38.0,86.05,22,0,11.5,clear sky
482,Finnsnes,NO,69.2296,17.9811,52.41,89,100,3.74,overcast clouds
483,Kulunda,RU,52.566,78.9385,63.81,71,17,8.46,few clouds
484,Nemuro,JP,43.3236,145.575,64.6,98,100,13.53,overcast clouds
485,Taltal,CL,-25.4,-70.4833,64.83,56,95,4.97,overcast clouds
486,Vardo,NO,70.3705,31.1107,49.98,81,0,20.71,clear sky
487,Narsaq,GL,60.9167,-46.05,53.82,65,3,1.88,clear sky
488,Dalvik,IS,65.9702,-18.5286,57.13,96,100,0.85,overcast clouds
489,Pachino,IT,36.7186,15.0907,82.83,60,44,7.0,scattered clouds
490,Iqaluit,CA,63.7506,-68.5145,49.73,76,75,9.22,broken clouds
491,Isangel,VU,-19.55,169.2667,74.88,83,7,2.73,clear sky
492,Sao Joao Da Barra,BR,-21.6403,-41.0511,78.89,81,8,16.53,clear sky
493,Niteroi,BR,-22.8833,-43.1036,74.86,67,100,13.8,overcast clouds
494,Faya,SA,18.3851,42.4509,66.31,79,100,7.94,overcast clouds
495,Saint-Augustin,CA,51.226,-58.6502,73.06,76,100,23.78,overcast clouds
496,Amursk,RU,50.2261,136.8994,66.04,99,100,3.83,heavy intensity rain
497,Atar,MR,20.5169,-13.0499,108.32,12,13,11.68,few clouds
498,Purpe,RU,64.4803,76.6897,59.2,76,100,10.51,overcast clouds
499,Najran,SA,17.4924,44.1277,86.65,31,13,5.41,few clouds
500,Nyurba,RU,63.2842,118.3319,46.76,96,89,4.18,overcast clouds
501,Saint-Pierre,RE,-21.3393,55.4781,68.92,76,75,5.75,broken clouds
502,Maua,BR,-23.6678,-46.4614,69.37,79,100,3.74,overcast clouds
503,Naples,IT,40.8333,14.25,85.84,70,99,1.99,overcast clouds
504,Makakilo City,US,21.3469,-158.0858,82.15,66,40,14.97,scattered clouds
505,Hay River,CA,60.8156,-115.7999,60.78,72,100,8.05,overcast clouds
506,Halifax,CA,44.6453,-63.5724,88.7,73,98,5.99,overcast clouds
507,Dakar,SN,14.6937,-17.4441,86.88,78,99,9.01,overcast clouds
508,Chirongui,YT,-12.9319,45.1483,71.53,68,7,4.92,clear sky
509,Kenai,US,60.5544,-151.2583,59.09,66,0,16.11,clear sky
510,Atlantis,ZA,-33.5667,18.4834,56.34,83,12,4.81,few clouds
511,Palana,RU,59.1167,159.9667,50.52,68,57,7.94,broken clouds
512,Teya,RU,60.3778,92.6267,52.7,94,24,1.52,few clouds
513,Skjervoy,NO,70.0311,20.9714,51.8,80,100,14.34,overcast clouds
514,Contramaestre,CU,20.2978,-76.2414,94.1,45,33,11.92,scattered clouds
515,Goderich,CA,43.7501,-81.7165,80.91,93,100,7.83,overcast clouds
516,Muros,ES,42.7762,-9.0603,83.16,86,59,4.14,broken clouds
517,Arona,ES,28.0996,-16.681,72.7,65,0,18.41,clear sky
518,Nioro,GM,13.35,-15.75,80.96,83,96,9.13,moderate rain
519,Buluang,PH,13.3068,123.3425,76.05,92,100,4.92,overcast clouds
520,Pau Brasil,BR,-15.4642,-39.6511,74.37,83,52,4.63,broken clouds
521,Manaure,CO,11.7751,-72.4445,90.68,51,46,15.88,scattered clouds
522,Seoul,KR,37.5683,126.9778,81.84,95,100,8.05,overcast clouds
523,Laohekou,CN,32.3858,111.6678,83.68,74,100,1.88,overcast clouds
524,Chumikan,RU,54.7183,135.315,52.61,96,100,20.02,light rain
525,Izumo,JP,35.3667,132.7667,78.75,91,100,5.53,overcast clouds
526,Grand Gaube,MU,-20.0064,57.6608,68.4,77,33,1.99,scattered clouds
527,Atambua,ID,-9.1061,124.8925,69.66,87,10,4.05,clear sky
528,Vao,NC,-22.6667,167.4833,72.77,83,0,12.26,clear sky
529,Challapata,BO,-18.9,-66.7667,48.38,13,100,8.75,overcast clouds
530,Juegang,CN,32.3174,121.1855,84.9,82,79,10.07,broken clouds
531,Guiglo,CI,6.5456,-7.4966,72.12,84,5,3.78,clear sky
532,Santa Maria,BR,-29.6842,-53.8069,56.62,89,100,5.57,overcast clouds
533,Pucallpa,PE,-8.3791,-74.5539,87.84,62,75,4.61,broken clouds
534,Hovd,MN,48.0056,91.6419,63.57,33,0,0.72,clear sky
535,Sinjar,IQ,36.3209,41.8754,91.11,26,0,12.86,clear sky
536,Alizai,PK,33.5383,70.3462,85.69,56,45,1.66,scattered clouds
537,Sibi,PK,29.5448,67.8764,98.78,38,100,4.36,overcast clouds
538,Pyapon,MM,16.2833,95.6833,75.79,95,100,9.08,light rain
539,Johnstown,US,40.3267,-78.922,90.45,67,40,11.5,scattered clouds
540,Jinchang,CN,38.4953,102.1739,75.02,37,92,3.15,overcast clouds
541,Nishihara,JP,26.1842,127.7558,81.68,83,0,6.91,clear sky
542,Meulaboh,ID,4.1363,96.1285,76.3,88,82,3.18,broken clouds
543,Sioux Lookout,CA,50.1001,-91.917,66.27,48,75,5.75,broken clouds
544,Kiruna,SE,67.8557,20.2251,49.12,76,20,4.61,few clouds
545,Coahuayana,MX,18.7333,-103.6833,89.55,56,73,6.6,broken clouds
546,Ust-Kuyga,RU,70.0167,135.6,55.04,79,100,5.97,overcast clouds
547,Oktyabrskoye,RU,43.0645,44.7417,64.54,100,100,4.47,light rain
548,Axim,GH,4.8699,-2.2405,74.64,76,52,8.63,broken clouds
549,Mwingi,KE,-0.9344,38.0601,66.96,61,95,9.08,overcast clouds
550,Kyshtovka,RU,56.555,76.6271,55.65,87,9,7.2,clear sky
551,Hastings,GB,50.8552,0.5729,71.8,55,4,3.38,clear sky
552,Ocos,GT,14.5094,-92.1933,86.18,70,97,13.42,overcast clouds
553,Quelimane,MZ,-17.8786,36.8883,69.75,83,0,3.44,clear sky
554,San Carlos De Bariloche,AR,-41.1456,-71.3082,38.25,87,100,5.75,overcast clouds
555,Tucurui,BR,-3.7661,-49.6725,92.52,40,62,4.56,broken clouds
556,Kasongo-Lunda,CD,-6.4667,16.8167,79.18,27,11,1.79,few clouds
557,Tombouctou,ML,20.0,-3.0,106.77,10,0,6.33,clear sky
558,Jeremie,HT,18.65,-74.1167,86.27,69,43,8.39,scattered clouds
559,Douglas,US,41.3,-96.167,99.61,44,0,9.22,clear sky
560,Luanda,AO,-8.8368,13.2343,68.0,88,0,5.75,clear sky
561,Iberia,US,29.9502,-91.7507,95.99,52,75,8.05,broken clouds
562,College,US,64.8569,-147.8028,55.2,81,75,9.22,broken clouds
563,Zalantun,CN,48.0,122.7167,55.08,57,0,6.35,clear sky
564,Road Town,VG,18.4167,-64.6167,87.89,94,40,16.11,scattered clouds
565,Luxor,EG,25.6989,32.6421,95.59,17,5,11.39,clear sky
566,Helong,CN,42.5397,128.9972,70.34,97,66,3.42,broken clouds
567,Bluffton,US,32.2371,-80.8604,90.01,71,0,0.0,clear sky
568,Bonavista,CA,48.6499,-53.1147,72.18,74,67,19.77,broken clouds
569,Merritt Island,US,28.5392,-80.672,93.97,64,20,11.5,few clouds
570,Baruun-Urt,MN,46.6806,113.2792,50.88,56,0,1.95,clear sky
571,Kibre Mengist,ET,5.8833,38.9833,63.39,64,100,3.83,overcast clouds
572,Adil-Yangiyurt,RU,43.5633,46.5846,72.09,67,98,6.85,overcast clouds
573,Tuensang,IN,26.2833,94.8333,71.01,98,31,3.8,scattered clouds
574,Hokitika,NZ,-42.7167,170.9667,41.11,76,100,13.0,overcast clouds
575,Naron,ES,43.5167,-8.1528,77.85,68,27,14.88,scattered clouds
576,Zhongshan,CN,21.3226,110.5829,81.48,86,93,13.4,overcast clouds
577,Bossangoa,CF,6.4926,17.4552,67.8,97,100,3.47,overcast clouds
578,Saint-Prosper,CA,46.2117,-70.4811,83.71,81,42,10.11,scattered clouds
579,Jibuti,DJ,11.5,42.5,85.82,48,100,5.84,overcast clouds
580,Marechal Candido Rondon,BR,-24.5561,-54.0567,65.7,93,100,4.94,overcast clouds
581,Gol,NO,60.7014,8.9457,57.56,92,82,2.8,broken clouds
582,Lavrentiya,RU,65.5833,-171.0,41.43,94,100,6.4,light rain
583,Toamasina,MG,-18.1667,49.3833,66.9,84,12,3.47,few clouds
584,At-Bashi,KG,41.1702,75.8106,61.21,61,97,1.19,overcast clouds
585,Iskateley,RU,67.6803,53.1512,59.54,89,75,9.08,broken clouds
586,Ahipara,NZ,-35.1667,173.1667,53.44,91,17,5.77,few clouds
587,Waingapu,ID,-9.6567,120.2641,72.79,86,10,5.06,clear sky
588,Karaton,ID,-6.3424,106.1045,72.5,93,3,2.08,clear sky
589,Lazo,RU,43.3817,133.9014,71.98,100,100,2.48,overcast clouds
590,Amos,CA,48.5669,-78.1162,66.79,45,86,7.9,overcast clouds
591,Santa Cruz,BO,-17.8,-63.1667,69.85,94,100,8.05,overcast clouds
592,Hualmay,PE,-11.0964,-77.6139,65.8,73,74,11.9,broken clouds
593,Nuuk,GL,64.1835,-51.7216,43.88,87,75,5.01,broken clouds
594,Mayumba,GA,-3.432,10.6554,67.96,87,50,5.01,scattered clouds
595,North Auburn,US,38.9313,-121.0819,94.41,38,0,6.91,clear sky
596,Mattawa,US,46.7379,-119.9028,95.02,15,0,5.32,clear sky
597,Hanyang,CN,32.1371,105.5126,75.6,89,100,1.34,overcast clouds
598,Jiaonan,CN,35.8786,119.9753,83.16,86,100,6.06,overcast clouds
599,Bonfim,BR,3.0833,-59.95,90.72,49,57,3.11,broken clouds
600,Aksarka,RU,66.5606,67.7975,69.08,66,0,7.18,clear sky
601,Aranos,NA,-24.1333,19.1167,67.33,21,28,14.45,scattered clouds
602,Njinikom,CM,6.2333,10.2833,64.13,97,100,1.21,moderate rain
603,Ortona,IT,42.3496,14.4039,79.86,71,100,14.43,overcast clouds
604,Grootfontein,NA,-19.5667,18.1167,65.77,27,25,4.61,scattered clouds
605,Lorengau,PG,-2.0226,147.2712,80.49,79,100,7.09,overcast clouds
606,Vila Franca Do Campo,PT,37.7167,-25.4333,73.81,81,34,8.21,moderate rain
607,Taree,AU,-31.9,152.4667,51.12,86,17,7.94,few clouds
608,Dalby,AU,-27.1833,151.2667,42.91,81,0,8.48,clear sky
609,El Alto,PE,-4.2714,-81.2147,71.26,66,8,16.96,clear sky
610,Andenes,NO,69.3143,16.1194,51.93,82,40,13.8,scattered clouds
611,Sinnar,SD,13.5691,33.5672,76.12,77,99,7.43,overcast clouds
612,Gramsh,AL,40.8697,20.1844,80.11,46,51,7.07,broken clouds
613,Pindi Gheb,PK,33.2402,72.2661,91.09,56,6,11.01,clear sky
614,Micomeseng,GQ,2.1462,10.6164,68.25,99,84,3.49,broken clouds
615,Derzhavinsk,KZ,51.1,66.3167,65.17,72,3,7.67,clear sky
616,Maksatikha,RU,57.797,35.8825,55.78,96,100,0.87,overcast clouds
617,Kamina,CD,-8.7386,24.9906,68.83,27,5,4.63,clear sky
618,Jutai,BR,-5.1833,-68.9,92.46,45,93,2.21,overcast clouds
619,Hamilton,US,39.1834,-84.5333,92.64,63,40,10.36,scattered clouds
620,Tucuma,BR,-0.1833,-50.05,84.51,65,31,11.01,scattered clouds
621,Storforshei,NO,66.4043,14.5233,50.67,93,75,3.44,broken clouds
622,Kirkland Lake,CA,48.1446,-80.0377,62.89,63,44,7.07,scattered clouds
623,Kloulklubed,PW,7.0419,134.2556,81.88,78,100,11.45,overcast clouds
624,Omsukchan,RU,62.5333,155.8,59.04,83,100,2.04,overcast clouds
625,Qostanay,KZ,53.1667,63.5833,68.29,73,0,8.95,clear sky
626,Porto Walter,BR,-8.2686,-72.7439,89.96,48,67,2.82,light rain
627,Olinda,BR,-8.0089,-34.8553,78.53,69,75,12.66,broken clouds
628,Millinocket,US,45.6573,-68.7098,91.51,52,0,6.91,clear sky
629,Minyar,RU,55.0709,57.5485,68.68,76,100,2.08,overcast clouds
630,Zhigansk,RU,66.7697,123.3711,51.57,94,100,18.03,light rain
631,Smidovich,RU,48.6,133.8167,66.74,98,100,8.37,overcast clouds
632,Belmonte,BR,-15.8631,-38.8828,77.0,65,43,7.87,scattered clouds
633,Ukiah,US,39.1502,-123.2078,87.64,44,0,5.75,clear sky
634,Sirjan,IR,29.452,55.6814,82.26,21,0,10.0,clear sky
635,Bilma,NE,18.6853,12.9164,100.42,21,49,8.25,scattered clouds
636,Pathein,MM,16.7833,94.7333,76.32,94,100,9.84,overcast clouds
637,Warwick,US,41.7001,-71.4162,96.76,62,40,20.71,scattered clouds
638,Culasi,PH,11.4272,122.056,74.21,81,100,9.37,overcast clouds
639,Whitehaven,GB,54.549,-3.5841,61.66,84,84,1.01,broken clouds
640,Kitimat,CA,54.0524,-128.6534,71.98,53,66,3.0,broken clouds
641,Port-Cartier,CA,50.0334,-66.8654,71.82,50,100,17.27,overcast clouds
642,Dno,RU,57.8277,29.9637,56.5,72,10,1.7,clear sky
643,Bontang,ID,0.1333,117.5,75.24,83,100,6.64,overcast clouds
644,Bohuslav,UA,49.5494,30.8744,68.36,86,87,12.12,overcast clouds
645,Pemba,MZ,-12.974,40.5178,75.9,78,40,10.36,scattered clouds
646,Nago,JP,26.5881,127.9761,79.23,80,5,6.33,clear sky
647,Bambanglipuro,ID,-7.95,110.2833,74.91,84,94,4.21,overcast clouds
648,Broome,US,42.2506,-75.833,88.2,63,40,3.44,scattered clouds
649,Cradock,ZA,-32.1642,25.6192,59.68,24,0,5.66,clear sky
650,Pontecorvo,IT,41.4616,13.6667,80.98,73,100,5.88,light rain
651,Kuah,MY,6.3265,99.8432,78.78,94,20,0.0,few clouds
652,North Platte,US,41.1239,-100.7654,73.29,78,100,13.8,overcast clouds
653,Megion,RU,61.0296,76.1136,55.42,70,94,4.61,overcast clouds
654,Tahta,EG,26.7693,31.5021,93.36,20,1,9.93,clear sky
655,Rabaul,PG,-4.1967,152.1721,78.19,79,97,6.67,overcast clouds
656,Ishurdi,BD,24.1333,89.0833,80.85,87,82,6.38,light rain
657,Udachnyy,RU,66.4167,112.4,45.91,97,100,5.82,light rain
658,Botshabelo,ZA,-29.2702,26.7052,63.77,30,98,14.41,overcast clouds
659,Sagua La Grande,CU,22.8067,-80.0756,83.39,56,26,14.0,scattered clouds
660,Guayaramerin,BO,-10.8368,-65.3614,91.45,46,40,6.91,scattered clouds
661,Deoli,IN,25.75,75.3833,82.29,76,100,7.78,light rain
662,Champawat,IN,29.3333,80.1,63.28,91,99,3.69,overcast clouds
663,Kharp,RU,66.8014,65.8081,66.99,72,0,4.38,clear sky
664,Movileni,RO,44.3667,24.65,79.65,41,58,9.44,broken clouds
665,Marrakesh,MA,31.6315,-8.0083,93.27,24,0,9.22,clear sky
666,Bestobe,KZ,52.4994,73.0975,63.93,78,99,5.53,overcast clouds
667,Bajah,YE,13.8141,44.6301,79.16,65,98,4.0,moderate rain
668,Chapais,CA,49.7834,-74.8492,58.78,41,60,9.31,broken clouds
669,Polovinnoye,RU,54.7914,65.9864,64.13,73,100,6.08,overcast clouds
670,Algiers,DZ,36.7525,3.042,80.42,65,0,8.05,clear sky
671,Ishigaki,JP,24.3448,124.1572,84.33,84,40,4.61,scattered clouds
672,Kita,ML,13.0349,-9.4895,81.63,73,96,2.06,overcast clouds
673,Mbini,GQ,1.574,9.6134,76.24,81,31,9.73,scattered clouds
674,Puerto Leguizamo,CO,-0.1934,-74.7819,86.52,60,45,1.41,scattered clouds
675,Ornskoldsvik,SE,63.2909,18.7153,58.15,58,40,8.05,scattered clouds
676,Stettler,CA,52.3168,-112.7186,78.55,47,0,10.36,clear sky
677,Vila Do Maio,CV,15.1333,-23.2167,84.99,79,81,1.61,broken clouds
678,Kijang,KR,35.2442,129.2139,83.93,87,100,11.72,overcast clouds
679,Petropavlovsk-Kamchatskiy,RU,53.0452,158.6483,52.39,100,100,0.0,overcast clouds
680,Kamenica,DE,50.8333,12.9167,69.96,49,73,6.64,broken clouds
681,El Tigre,VE,8.8875,-64.2454,86.99,52,100,4.14,overcast clouds
682,Camacha,PT,33.0833,-16.3333,69.22,73,40,14.97,scattered clouds
683,Panlaitan,PH,12.1191,119.8486,78.49,88,100,16.84,overcast clouds
684,Kahului,US,20.8947,-156.47,84.22,61,20,11.99,few clouds
685,Yuncheng,CN,35.0231,110.9928,87.69,60,100,3.87,overcast clouds
686,Cartagena,CO,10.3997,-75.5144,85.62,74,40,8.05,scattered clouds
687,Kandrian,PG,-6.2167,149.55,76.44,89,32,7.99,scattered clouds
688,Nyrob,RU,60.733,56.7202,69.62,66,84,1.92,broken clouds
689,Kamaishi,JP,39.2667,141.8833,73.24,95,99,6.58,overcast clouds
690,Collierville,US,35.042,-89.6645,93.63,57,75,11.5,broken clouds
691,Southbridge,US,42.0751,-72.0334,95.31,59,100,5.99,overcast clouds
692,Hurghada,EG,27.2574,33.8129,90.46,34,6,13.78,clear sky
693,Vanimo,PG,-2.6741,141.3028,76.69,90,88,4.16,overcast clouds
694,Brownsville,US,25.9018,-97.4975,95.02,53,75,16.11,broken clouds
695,Garissa,KE,-0.4536,39.6401,74.91,53,3,21.0,clear sky
696,Noumea,NC,-22.2763,166.4572,75.0,99,8,5.23,clear sky
